"","X1","X2","X3","X4","X5","Country","Type"
"1",2.49,16.8,4.22,0.06,1.46,"Vietnam","japonica"
"2",2.13,14.9,3.63,0.07,1.71,"Vietnam","japonica"
"3",1.34,16.7,3.59,0.05,1.34,"Vietnam","japonica"
"4",2.79,16.1,3.68,0.05,1.11,"Vietnam","japonica"
"5",2.44,17.3,3.57,0.05,0.84,"Vietnam","japonica"
"6",2.11,15.5,4.12,0.07,0.99,"Vietnam","japonica"
"7",2.32,15.5,2.08,0.07,1.39,"Vietnam","japonica"
"8",2.03,15.3,4.55,0.07,1.29,"Vietnam","japonica"
"9",2.49,16.2,3.38,0.04,1.32,"Vietnam","japonica"
"10",2.46,16.9,3.5,0.04,1.22,"Vietnam","japonica"
"11",2.41,17.4,3.58,0.05,0.89,"Vietnam","japonica"
"12",2.21,15.1,2.5,0.05,1.37,"Vietnam","japonica"
"13",2.45,15.5,3.65,0.06,0.87,"Vietnam","japonica"
"14",2.27,14.3,5.95,0.07,0.88,"Vietnam","japonica"
"15",2.23,15.2,4.35,0.07,0.97,"Vietnam","japonica"
"16",2.25,15.8,3.49,0.05,0.9,"Vietnam","japonica"
"17",2.05,16.4,3.05,0.05,1.7,"Vietnam","japonica"
"18",2.49,17.5,3.2,0.04,1.69,"Vietnam","japonica"
"19",2.73,19.5,3.07,0.05,1.13,"Vietnam","japonica"
"20",2.59,17.8,2.88,0.05,0.93,"Vietnam","japonica"
"21",2.43,16.5,3.5,0.06,1.03,"Vietnam","japonica"
"22",2.27,16.3,2.54,0.04,1.88,"Vietnam","japonica"
"23",2.22,16.8,3.21,0.06,0.5,"Vietnam","japonica"
"24",2.38,17.5,2.85,0.06,1.26,"Vietnam","japonica"
"25",2.18,16.8,3.3,0.06,0.53,"Vietnam","japonica"
"26",2.38,16.3,3.69,0.05,1.21,"Vietnam","japonica"
"27",2.64,18,3.56,0.05,0.96,"Vietnam","japonica"
"28",2.14,15.1,3.26,0.06,1.05,"Vietnam","japonica"
"29",2.58,17.4,2.71,0.05,1.35,"Vietnam","japonica"
"30",2.58,17.1,3.51,0.06,0.59,"Vietnam","japonica"
"31",2.54,16.9,2.79,0.06,1.26,"Vietnam","japonica"
"32",2.39,17.2,3.22,0.05,1.08,"Vietnam","japonica"
"33",2.32,18.2,1.72,0.06,1.07,"Vietnam","japonica"
"34",2.55,19.6,5.15,0.06,1.11,"Vietnam","japonica"
"35",3.61,24.1,13.5,0.265,4.32,"Vietnam","japonica"
"36",2.1737,17.63,2.2564,0.0623,2.11,"Vietnam","japonica"
"37",2.4834,16.07,2.2452,0.0548,1.37,"Vietnam","japonica"
"38",1.9888,15.5,3.7628,0.0695,1.93,"Vietnam","japonica"
"39",1.8794,15.58,3.5434,0.068,1.91,"Vietnam","japonica"
"40",2.6679,15.97,2.4714,0.0598,1.22,"Vietnam","japonica"
"41",3.3111,18.62,2.3248,0.0797,1.64,"Vietnam","japonica"
"42",2.9001,18.02,3.5502,0.0691,1.9,"Vietnam","japonica"
"43",2.18,16.7,4.32,0.06,1.2,"Vietnam","japonica"
"44",2.86,15.1,0.84,0.1,4.32,"Vietnam","japonica"
"45",2.57,14,0.69,0.1,5.09,"Vietnam","japonica"
"46",2.39,17.9,5.11,0.05,0.99,"Vietnam","japonica"
"47",1.74,16.8,2.95,0.03,1.38,"Vietnam","japonica"
"48",1.79,12.1,0.24,0.05,4.89,"Vietnam","japonica"
"49",2.29,18,4.09,0.06,1.38,"Vietnam","japonica"
"50",2.14,17.6,4.25,0.06,1.46,"Vietnam","japonica"
"51",2.3,16.5,6.3,0.06,0.27,"Vietnam","japonica"
"52",2.33,16.7,5.91,0.04,0.85,"Vietnam","japonica"
"53",2.33,16.7,3.77,0.06,0.76,"Vietnam","japonica"
"54",2.11,16.3,5.04,0.1,1.36,"Vietnam","japonica"
"55",1.78,16.8,1.53,0.06,1.32,"Vietnam","japonica"
"56",2.58,18.8,5.16,0.06,0.1,"Vietnam","japonica"
"57",2.21,17.8,5.64,0.06,0.87,"Vietnam","japonica"
"58",2.34,17.6,4.25,0.05,0.65,"Vietnam","japonica"
"59",2.47,17.9,4.85,0.05,0.33,"Vietnam","japonica"
"60",2.19,17.6,3.46,0.06,0.48,"Vietnam","japonica"
"61",2.32,16.1,3.22,0.07,1.65,"Vietnam","japonica"
"62",2.38,18.5,4.11,0.04,0.3,"Vietnam","japonica"
"63",2.31,17.4,5.76,0.05,0.55,"Vietnam","japonica"
"64",2.4,16.3,2.33,0.07,1.99,"Vietnam","japonica"
"65",2.1,17.1,4.63,0.06,0.22,"Vietnam","japonica"
"66",2.44,15.4,2.45,0.07,2.13,"Vietnam","japonica"
"67",2.33,15.6,2.2,0.06,1.64,"Vietnam","japonica"
"68",2.18,14.2,2.18,0.06,1.26,"Vietnam","japonica"
"69",2.1,15.8,4.63,0.07,0.46,"Vietnam","japonica"
"70",2.24,16.3,5.1,0.05,-0.22,"Vietnam","japonica"
"71",2.51,13.9,0.737,0.141,5.792,"Taiwan","japonica"
"72",1.91,10.6,0.54,0.119,6.795,"Taiwan","japonica"
"73",1.89,10.5,0.57,0.13,6.386,"Taiwan","japonica"
"74",1.91,9.04,0.352,0.186,6.081,"Taiwan","japonica"
"75",1.76,9.75,0.445,0.136,6.16,"Taiwan","japonica"
"76",1.52,8.57,0.419,0.174,6.569,"Taiwan","japonica"
"77",1.16,7.26,0.492,0.15,4.743,"Taiwan","japonica"
"78",1.85,9.35,0.399,0.134,6.418,"Taiwan","japonica"
"79",2.26,10.7,1.25,0.11,6.431,"Taiwan","japonica"
"80",2.12,14,1.58,0.101,5.215,"Taiwan","japonica"
"81",1.25,8.86,1.26,0.0889,6.984,"Taiwan","japonica"
"82",1.89,10.8,1.64,0.132,6.054,"Taiwan","japonica"
"83",1.56,9.71,1.46,0.114,5.573,"Taiwan","japonica"
"84",1.87,11.5,0.199,0.126,7.096,"Taiwan","japonica"
"85",1.55,9.24,0.738,0.08,4.778,"Taiwan","japonica"
"86",2.86,10.5,0.636,0.159,6.625,"Taiwan","japonica"
"87",1.97,9.82,0.649,0.117,7.249,"Taiwan","japonica"
"88",1.44,12.4,0.503,0.0967,6.736,"Taiwan","japonica"
"89",2.57,15.4,0.571,0.138,6.858,"Taiwan","japonica"
"90",1.71,9.51,0.416,0.149,7.369,"Taiwan","japonica"
"91",2.59,14.6,0.651,0.133,6.149,"Taiwan","japonica"
"92",2.75,14.7,0.326,0.168,6.798,"Taiwan","japonica"
"93",1.74,9.58,0.378,0.18,6.484,"Taiwan","japonica"
"94",2.13,12.5,0.955,0.143,4.267,"Taiwan","japonica"
"95",2.27,10.5,0.279,0.114,6.379,"Taiwan","japonica"
"96",1.31,8.21,0.444,0.136,6.22,"Taiwan","japonica"
"97",2.09,13.6,1.06,0.244,5.169,"Taiwan","japonica"
"98",1.15,9.79,0.296,0.0927,5.685,"Taiwan","japonica"
"99",2.6,11.1,0.613,0.129,6.111,"Taiwan","japonica"
"100",1.98,12.8,0.627,0.168,7.31,"Taiwan","japonica"
"101",1.65,9.93,0.758,0.111,6.351,"Taiwan","japonica"
"102",2.42,10.9,0.487,0.0799,10.65,"Taiwan","japonica"
"103",3.21,12.2,0.483,0.091,5.001,"Taiwan","japonica"
"104",1.43,6.5,1.28,0.0789,6.701,"Taiwan","japonica"
"105",1.91,9.74,1.59,0.0988,5.868,"Taiwan","japonica"
"106",1.31,6.59,1.35,0.097,6.622,"Taiwan","japonica"
"107",1.85,11.4,1.45,0.0832,5.915,"Taiwan","japonica"
"108",1.25,17.7,1.75,0.0598,7.685,"Taiwan","japonica"
"109",1.78,21,1.69,0.0778,8.69,"Taiwan","japonica"
"110",1.6,15.6,1.82,0.0742,9.82,"Taiwan","japonica"
"111",1.43,17.8,2.29,0.0835,6.059,"Taiwan","japonica"
"112",1.83,16.4,1.43,0.0825,8.611,"Taiwan","japonica"
"113",1,17.1,1.39,0.0717,8.927,"Taiwan","japonica"
"114",1.96,14.5,2.1,0.0612,7.557,"Taiwan","japonica"
"115",1.88,17.6,1.44,0.0736,8.37,"Taiwan","japonica"
"116",1.86,15.1,1.3,0.0565,8.939,"Taiwan","japonica"
"117",2.22,20.2,1.36,0.0825,9.216,"Taiwan","japonica"
"118",1.78,23.2,1.43,0.0841,8.768,"Taiwan","japonica"
"119",1.78,16.5,1.6,0.102,5.663,"Taiwan","japonica"
"120",2.07,19.4,1.07,0.131,6.596,"Taiwan","japonica"
"121",2.56,8.09,1.31,0.123,7.2,"Taiwan","japonica"
"122",2.75,11.2,0.951,0.142,6.853,"Taiwan","japonica"
"123",2.59,8.42,0.655,0.0928,6.511,"Taiwan","japonica"
"124",2.56,7.41,0.612,0.103,6.644,"Taiwan","japonica"
"125",2.89,12.8,3.48,0.0882,4.518,"Taiwan","japonica"
"126",2.45,11.5,2.87,0.0976,5.05,"Taiwan","japonica"
"127",2.58,13,2.35,0.167,5.37,"Taiwan","japonica"
"128",2,19.3,0.7,0.141,6.376,"Taiwan","japonica"
"129",1.34,15,0.323,0.199,6.797,"Taiwan","japonica"
"130",1.1,22,0.01,0.1,7.672,"Taiwan","japonica"
"131",2.86,22.2,0.745,0.14,6.35,"Taiwan","japonica"
"132",1.57,17.7,0.675,0.139,6.43,"Taiwan","japonica"
"133",1.43,19.3,0.472,0.228,6.832,"Taiwan","japonica"
"134",1.8,12.2,2.28,0.108,6.082,"Taiwan","japonica"
"135",2.63,12.8,1.42,0.116,6.13,"Taiwan","japonica"
"136",1.74,13.9,1.58,0.17,7.156,"Taiwan","japonica"
"137",1.65,9.47,0.604,0.147,6.775,"Taiwan","japonica"
"138",1.78,8.35,0.321,0.0913,5.961,"Taiwan","japonica"
"139",1.73,8.51,0.618,0.0946,4.559,"Taiwan","japonica"
"140",2.17,8.25,0.498,0.142,5.342,"Taiwan","japonica"
"141",1.56,13,0.619,0.0947,5.292,"Taiwan","japonica"
"142",1.58,11.7,0.594,0.104,5.275,"Taiwan","japonica"
"143",1.93,10.8,1.36,0.191,5.829,"Taiwan","japonica"
"144",1.48,9.59,0.461,0.125,5.573,"Taiwan","japonica"
"145",1.94,9.1,0.515,0.131,6.348,"Taiwan","japonica"
"146",3.12,13.5,0.748,0.06,5.987,"Taiwan","japonica"
"147",1.77,8.41,1.05,0.0443,7.142,"Taiwan","japonica"
"148",2.05,8.51,0.309,0.0402,6.875,"Taiwan","japonica"
"149",2.51,13.2,1.46,0.141,5.025,"Taiwan","japonica"
"150",2.87,17.7,1.9,0.0983,6.374,"Taiwan","japonica"
